Field1,Field2,Field3,Field4
1,-66.97601671,44.41604803,2022-10-03
1,-66.97290467,44.50601948,2022-10-03
1,-66.8471883,44.50371808,2022-10-03
1,-66.85049299,44.4137538,2022-10-03
1,-66.97601671,44.41604803,2022-10-03
2,-67.09863561,44.50818257,2022-10-03
2,-67.09570263,44.59815919,2022-10-03
2,-66.96977805,44.59598933,2022-10-03
2,-66.97290467,44.50601948,2022-10-03
2,-67.09863561,44.50818257,2022-10-03
3,-66.97290467,44.50601948,2022-10-03
3,-66.96977805,44.59598933,2022-10-03
3,-66.84386813,44.59368075,2022-10-03
3,-66.8471883,44.50371808,2022-10-03
3,-66.97290467,44.50601948,2022-10-03
4,-66.8471883,44.50371808,2022-10-03
4,-66.84386813,44.59368075,2022-10-03
4,-66.71797378,44.59123348,2022-10-03
4,-66.72148742,44.50127843,2022-10-03
4,-66.8471883,44.50371808,2022-10-03
5,-66.96977805,44.59598933,2022-10-03
5,-66.96663676,44.68595759,2022-10-03
5,-66.84053239,44.6836418,2022-10-03
5,-66.84386813,44.59368075,2022-10-03
5,-66.96977805,44.59598933,2022-10-03
6,-66.84386813,44.59368075,2022-10-03
6,-66.84053239,44.6836418,2022-10-03
6,-66.71444367,44.68118688,2022-10-03
6,-66.71797378,44.59123348,2022-10-03
6,-66.84386813,44.59368075,2022-10-03
7,-66.71797378,44.59123348,2022-10-03
7,-66.71444367,44.68118688,2022-10-03
7,-66.58837152,44.67859288,2022-10-03
7,-66.59209591,44.58864756,2022-10-03
7,-66.71797378,44.59123348,2022-10-03
8,-66.96663676,44.68595759,2022-10-03
8,-66.96348074,44.77592425,2022-10-03
8,-66.83718099,44.77360122,2022-10-03
8,-66.84053239,44.6836418,2022-10-03
8,-66.96663676,44.68595759,2022-10-03
9,-66.84053239,44.6836418,2022-10-03
9,-66.83718099,44.77360122,2022-10-03
9,-66.710897,44.77113863,2022-10-03
9,-66.71444367,44.68118688,2022-10-03
9,-66.84053239,44.6836418,2022-10-03
10,-66.71444367,44.68118688,2022-10-03
10,-66.710897,44.77113863,2022-10-03
10,-66.58462966,44.76853653,2022-10-03
10,-66.58837152,44.67859288,2022-10-03
10,-66.71444367,44.68118688,2022-10-03
11,-67.08979531,44.77810769,2022-10-03
11,-67.08682082,44.86807957,2022-10-03
11,-66.96030988,44.86588931,2022-10-03
11,-66.96348074,44.77592425,2022-10-03
11,-67.08979531,44.77810769,2022-10-03
12,-66.96348074,44.77592425,2022-10-03
12,-66.96030988,44.86588931,2022-10-03
12,-66.83381385,44.86355902,2022-10-03
12,-66.83718099,44.77360122,2022-10-03
12,-66.96348074,44.77592425,2022-10-03
13,-66.83718099,44.77360122,2022-10-03
13,-66.83381385,44.86355902,2022-10-03
13,-66.70733366,44.86108874,2022-10-03
13,-66.710897,44.77113863,2022-10-03
13,-66.83718099,44.77360122,2022-10-03
14,-67.08682082,44.86807957,2022-10-03
14,-67.08383234,44.95804987,2022-10-03
14,-66.9571241,44.95585277,2022-10-03
14,-66.96030988,44.86588931,2022-10-03
14,-67.08682082,44.86807957,2022-10-03
15,-66.96030988,44.86588931,2022-10-03
15,-66.9571241,44.95585277,2022-10-03
15,-66.83043087,44.9535152,2022-10-03
15,-66.83381385,44.86355902,2022-10-03
15,-66.96030988,44.86588931,2022-10-03
16,-66.83381385,44.86355902,2022-10-03
16,-66.83043087,44.9535152,2022-10-03
16,-66.70375356,44.95103721,2022-10-03
16,-66.70733366,44.86108874,2022-10-03
16,-66.83381385,44.86355902,2022-10-03
17,-67.08383234,44.95804987,2022-10-03
17,-67.08082978,45.04801859,2022-10-03
17,-66.95392333,45.04581463,2022-10-03
17,-66.9571241,44.95585277,2022-10-03
17,-67.08383234,44.95804987,2022-10-03
18,-66.9571241,44.95585277,2022-10-03
18,-66.95392333,45.04581463,2022-10-03
18,-66.82703196,45.04346976,2022-10-03
18,-66.83043087,44.9535152,2022-10-03
18,-66.9571241,44.95585277,2022-10-03
19,-66.83043087,44.9535152,2022-10-03
19,-66.82703196,45.04346976,2022-10-03
19,-66.70015662,45.04098402,2022-10-03
19,-66.70375356,44.95103721,2022-10-03
19,-66.83043087,44.9535152,2022-10-03
20,-66.70375356,44.95103721,2022-10-03
20,-66.70015662,45.04098402,2022-10-03
20,-66.57329822,45.03835746,2022-10-03
20,-66.57709311,44.94841883,2022-10-03
20,-66.70375356,44.95103721,2022-10-03
21,-67.20775039,45.0500816,2022-10-03
21,-67.20493292,45.14005518,2022-10-03
21,-67.07781308,45.13798573,2022-10-03
21,-67.08082978,45.04801859,2022-10-03
21,-67.20775039,45.0500816,2022-10-03
22,-67.08082978,45.04801859,2022-10-03
22,-67.07781308,45.13798573,2022-10-03
22,-66.95070747,45.13577489,2022-10-03
22,-66.95392333,45.04581463,2022-10-03
22,-67.08082978,45.04801859,2022-10-03
23,-66.95392333,45.04581463,2022-10-03
23,-66.95070747,45.13577489,2022-10-03
23,-66.82361704,45.13342269,2022-10-03
23,-66.82703196,45.04346976,2022-10-03
23,-66.95392333,45.04581463,2022-10-03
24,-66.82703196,45.04346976,2022-10-03
24,-66.82361704,45.13342269,2022-10-03
24,-66.69654272,45.13092919,2022-10-03
24,-66.70015662,45.04098402,2022-10-03
24,-66.82703196,45.04346976,2022-10-03
25,-66.70015662,45.04098402,2022-10-03
25,-66.69654272,45.13092919,2022-10-03
25,-66.56948544,45.12829443,2022-10-03
25,-66.57329822,45.03835746,2022-10-03
25,-66.70015662,45.04098402,2022-10-03
26,-66.57329822,45.03835746,2022-10-03
26,-66.56948544,45.12829443,2022-10-03
26,-66.44244615,45.12551846,2022-10-03
26,-66.4464577,45.03559014,2022-10-03
26,-66.57329822,45.03835746,2022-10-03
27,-66.4464577,45.03559014,2022-10-03
27,-66.44244615,45.12551846,2022-10-03
27,-66.31542578,45.12260134,2022-10-03
27,-66.31963599,45.03268211,2022-10-03
27,-66.4464577,45.03559014,2022-10-03
28,-67.33206605,45.1419832,2022-10-03
28,-67.32943553,45.23196125,2022-10-03
28,-67.20210215,45.23002721,2022-10-03
28,-67.20493292,45.14005518,2022-10-03
28,-67.33206605,45.1419832,2022-10-03
29,-67.20493292,45.14005518,2022-10-03
29,-67.20210215,45.23002721,2022-10-03
29,-67.07478213,45.22795129,2022-10-03
29,-67.07781308,45.13798573,2022-10-03
29,-67.20493292,45.14005518,2022-10-03
30,-67.07781308,45.13798573,2022-10-03
30,-67.07478213,45.22795129,2022-10-03
30,-66.94747644,45.22573354,2022-10-03
30,-66.95070747,45.13577489,2022-10-03
30,-67.07781308,45.13798573,2022-10-03
31,-66.95070747,45.13577489,2022-10-03
31,-66.94747644,45.22573354,2022-10-03
31,-66.820186,45.22337399,2022-10-03
31,-66.82361704,45.13342269,2022-10-03
31,-66.95070747,45.13577489,2022-10-03
32,-66.82361704,45.13342269,2022-10-03
32,-66.820186,45.22337399,2022-10-03
32,-66.69291177,45.2208727,2022-10-03
32,-66.69654272,45.13092919,2022-10-03
32,-66.82361704,45.13342269,2022-10-03
33,-66.69654272,45.13092919,2022-10-03
33,-66.69291177,45.2208727,2022-10-03
33,-66.56565469,45.21822971,2022-10-03
33,-66.56948544,45.12829443,2022-10-03
33,-66.69654272,45.13092919,2022-10-03
34,-66.56948544,45.12829443,2022-10-03
34,-66.56565469,45.21822971,2022-10-03
34,-66.43841569,45.21544508,2022-10-03
34,-66.44244615,45.12551846,2022-10-03
34,-66.56948544,45.12829443,2022-10-03
35,-66.44244615,45.12551846,2022-10-03
35,-66.43841569,45.21544508,2022-10-03
35,-66.31119572,45.21251885,2022-10-03
35,-66.31542578,45.12260134,2022-10-03
35,-66.44244615,45.12551846,2022-10-03
36,-66.31542578,45.12260134,2022-10-03
36,-66.31119572,45.21251885,2022-10-03
36,-66.18399571,45.20945109,2022-10-03
36,-66.18842526,45.11954313,2022-10-03
36,-66.31542578,45.12260134,2022-10-03
37,-66.18842526,45.11954313,2022-10-03
37,-66.18399571,45.20945109,2022-10-03
37,-66.05681662,45.20624186,2022-10-03
37,-66.06144553,45.11634389,2022-10-03
37,-66.18842526,45.11954313,2022-10-03
38,-65.93448751,45.11300367,2022-10-03
38,-65.92965936,45.20289122,2022-10-03
38,-65.80252489,45.19939923,2022-10-03
38,-65.80755215,45.10952255,2022-10-03
38,-65.93448751,45.11300367,2022-10-03
39,-67.20210215,45.23002721,2022-10-03
39,-67.199258,45.31999767,2022-10-03
39,-67.07173687,45.31791527,2022-10-03
39,-67.07478213,45.22795129,2022-10-03
39,-67.20210215,45.23002721,2022-10-03
40,-67.07478213,45.22795129,2022-10-03
40,-67.07173687,45.31791527,2022-10-03
40,-66.94423014,45.31569059,2022-10-03
40,-66.94747644,45.22573354,2022-10-03
40,-67.07478213,45.22795129,2022-10-03
41,-66.94747644,45.22573354,2022-10-03
41,-66.94423014,45.31569059,2022-10-03
41,-66.81673876,45.31332367,2022-10-03
41,-66.820186,45.22337399,2022-10-03
41,-66.94747644,45.22573354,2022-10-03
42,-66.69291177,45.2208727,2022-10-03
42,-66.68926368,45.31081457,2022-10-03
42,-66.56180584,45.30816332,2022-10-03
42,-66.56565469,45.21822971,2022-10-03
42,-66.69291177,45.2208727,2022-10-03
43,-66.56565469,45.21822971,2022-10-03
43,-66.56180584,45.30816332,2022-10-03
43,-66.43436619,45.30536999,2022-10-03
43,-66.43841569,45.21544508,2022-10-03
43,-66.56565469,45.21822971,2022-10-03
44,-66.31119572,45.21251885,2022-10-03
44,-66.30694568,45.30243463,2022-10-03
44,-66.17954526,45.29935729,2022-10-03
44,-66.18399571,45.20945109,2022-10-03
44,-66.31119572,45.21251885,2022-10-03
45,-66.18399571,45.20945109,2022-10-03
45,-66.17954526,45.29935729,2022-10-03
45,-66.05216586,45.29613803,2022-10-03
45,-66.05681662,45.20624186,2022-10-03
45,-66.18399571,45.20945109,2022-10-03
46,-66.05681662,45.20624186,2022-10-03
46,-66.05216586,45.29613803,2022-10-03
46,-65.92480843,45.29277693,2022-10-03
46,-65.92965936,45.20289122,2022-10-03
46,-66.05681662,45.20624186,2022-10-03
47,-65.92965936,45.20289122,2022-10-03
47,-65.92480843,45.29277693,2022-10-03
47,-65.79747391,45.28927404,2022-10-03
47,-65.80252489,45.19939923,2022-10-03
47,-65.92965936,45.20289122,2022-10-03
48,-65.80252489,45.19939923,2022-10-03
48,-65.79747391,45.28927404,2022-10-03
48,-65.67016325,45.28562944,2022-10-03
48,-65.67541413,45.19576596,2022-10-03
48,-65.80252489,45.19939923,2022-10-03
49,-65.67541413,45.19576596,2023-05-23
49,-65.67016325,45.28562944,2023-05-23
49,-65.54287738,45.28184319,2023-05-23
49,-65.54832802,45.19199149,2023-05-23
49,-65.67541413,45.19576596,2023-05-23
50,-66.30694568,45.30243463,2022-10-03
50,-66.30267557,45.39234866,2022-10-03
50,-66.17507378,45.38926172,2022-10-03
50,-66.17954526,45.29935729,2022-10-03
50,-66.30694568,45.30243463,2022-10-03
51,-66.17954526,45.29935729,2022-10-03
51,-66.17507378,45.38926172,2022-10-03
51,-66.04749313,45.38603241,2022-10-03
51,-66.05216586,45.29613803,2022-10-03
51,-66.17954526,45.29935729,2022-10-03
52,-66.05216586,45.29613803,2022-10-03
52,-66.04749313,45.38603241,2022-10-03
52,-65.91993459,45.38266082,2022-10-03
52,-65.92480843,45.29277693,2022-10-03
52,-66.05216586,45.29613803,2022-10-03
53,-65.67016325,45.28562944,2022-10-03
53,-65.66488757,45.37549102,2022-10-03
53,-65.537401,45.37169296,2022-10-03
53,-65.54287738,45.28184319,2022-10-03
53,-65.67016325,45.28562944,2022-10-03
54,-65.54287738,45.28184319,2023-05-23
54,-65.537401,45.37169296,2023-05-23
54,-65.4099403,45.36775288,2023-05-23
54,-65.41561724,45.27791538,2023-05-23
54,-65.54287738,45.28184319,2023-05-23
55,-66.43029756,45.39529319,2022-10-03
55,-66.42620968,45.48521469,2022-10-03
55,-66.29838526,45.48226096,2022-10-03
55,-66.30267557,45.39234866,2022-10-03
55,-66.43029756,45.39529319,2022-10-03
56,-66.30267557,45.39234866,2022-10-03
56,-66.29838526,45.48226096,2022-10-03
56,-66.17058115,45.47916438,2022-10-03
56,-66.17507378,45.38926172,2022-10-03
56,-66.30267557,45.39234866,2022-10-03
57,-66.17507378,45.38926172,2022-10-03
57,-66.17058115,45.47916438,2022-10-03
57,-66.04279831,45.47592499,2022-10-03
57,-66.04749313,45.38603241,2022-10-03
57,-66.17507378,45.38926172,2022-10-03
58,-66.04749313,45.38603241,2022-10-03
58,-66.04279831,45.47592499,2022-10-03
58,-65.9150377,45.47254287,2022-10-03
58,-65.91993459,45.38266082,2022-10-03
58,-66.04749313,45.38603241,2022-10-03
59,-65.91993459,45.38266082,2022-10-03
59,-65.9150377,45.47254287,2022-10-03
59,-65.78730027,45.46901808,2022-10-03
59,-65.79239908,45.379147,2022-10-03
59,-65.91993459,45.38266082,2022-10-03
60,-65.79239908,45.379147,2022-10-03
60,-65.78730027,45.46901808,2022-10-03
60,-65.65958696,45.46535069,2022-10-03
60,-65.66488757,45.37549102,2022-10-03
60,-65.79239908,45.379147,2022-10-03
61,-65.537401,45.37169296,2023-05-23
61,-65.53189874,45.46154078,2023-05-23
61,-65.40423655,45.45758841,2023-05-23
61,-65.4099403,45.36775288,2023-05-23
61,-65.537401,45.37169296,2023-05-23
62,-65.4099403,45.36775288,2023-05-23
62,-65.40423655,45.45758841,2023-05-23
62,-65.27660133,45.45349367,2023-05-23
62,-65.28250643,45.36367088,2023-05-23
62,-65.4099403,45.36775288,2023-05-23
63,-66.42620968,45.48521469,2022-10-03
63,-66.42210244,45.57513447,2022-10-03
63,-66.29407463,45.57217152,2022-10-03
63,-66.29838526,45.48226096,2022-10-03
63,-66.42620968,45.48521469,2022-10-03
64,-66.17058115,45.47916438,2022-10-03
64,-66.16606725,45.56906527,2022-10-03
64,-66.03808126,45.56581577,2022-10-03
64,-66.04279831,45.47592499,2022-10-03
64,-66.17058115,45.47916438,2022-10-03
65,-66.04279831,45.47592499,2022-10-03
65,-66.03808126,45.56581577,2022-10-03
65,-65.91011763,45.56242309,2022-10-03
65,-65.9150377,45.47254287,2022-10-03
65,-66.04279831,45.47592499,2022-10-03
66,-65.9150377,45.47254287,2022-10-03
66,-65.91011763,45.56242309,2022-10-03
66,-65.78217732,45.5588873,2022-10-03
66,-65.78730027,45.46901808,2022-10-03
66,-65.9150377,45.47254287,2022-10-03
67,-65.78730027,45.46901808,2022-10-03
67,-65.78217732,45.5588873,2022-10-03
67,-65.65426127,45.55520846,2022-10-03
67,-65.65958696,45.46535069,2022-10-03
67,-65.78730027,45.46901808,2022-10-03
68,-65.65958696,45.46535069,2022-10-03
68,-65.65426127,45.55520846,2022-10-03
68,-65.52637045,45.55138666,2022-10-03
68,-65.53189874,45.46154078,2022-10-03
68,-65.65958696,45.46535069,2022-10-03
69,-65.53189874,45.46154078,2023-05-23
69,-65.52637045,45.55138666,2023-05-23
69,-65.39850581,45.54742196,2023-05-23
69,-65.40423655,45.45758841,2023-05-23
69,-65.53189874,45.46154078,2023-05-23
70,-65.40423655,45.45758841,2023-05-23
70,-65.39850581,45.54742196,2023-05-23
70,-65.27066831,45.54331444,2023-05-23
70,-65.27660133,45.45349367,2023-05-23
70,-65.40423655,45.45758841,2023-05-23
71,-65.27660133,45.45349367,2023-05-23
71,-65.27066831,45.54331444,2023-05-23
71,-65.1428589,45.53906419,2023-05-23
71,-65.14899405,45.44925664,2023-05-23
71,-65.27660133,45.45349367,2023-05-23
72,-65.14899405,45.44925664,2023-05-23
72,-65.1428589,45.53906419,2023-05-23
72,-65.01507852,45.53467129,2023-05-23
72,-65.02141563,45.44487739,2023-05-23
72,-65.14899405,45.44925664,2023-05-23
73,-66.42210244,45.57513447,2022-10-03
73,-66.41797573,45.66505255,2022-10-03
73,-66.28974356,45.66208034,2022-10-03
73,-66.29407463,45.57217152,2022-10-03
73,-66.42210244,45.57513447,2022-10-03
74,-66.16606725,45.56906527,2022-10-03
74,-66.16153195,45.65896439,2022-10-03
74,-66.03334186,45.65570474,2022-10-03
74,-66.03808126,45.56581577,2022-10-03
74,-66.16606725,45.56906527,2022-10-03
75,-66.03808126,45.56581577,2022-10-03
75,-66.03334186,45.65570474,2022-10-03
75,-65.90517425,45.65230147,2022-10-03
75,-65.91011763,45.56242309,2022-10-03
75,-66.03808126,45.56581577,2022-10-03
76,-65.91011763,45.56242309,2022-10-03
76,-65.90517425,45.65230147,2022-10-03
76,-65.7770301,45.64875464,2022-10-03
76,-65.78217732,45.5588873,2022-10-03
76,-65.91011763,45.56242309,2022-10-03
77,-65.78217732,45.5588873,2022-10-03
77,-65.7770301,45.64875464,2022-10-03
77,-65.64891035,45.64506432,2022-10-03
77,-65.65426127,45.55520846,2022-10-03
77,-65.78217732,45.5588873,2022-10-03
78,-65.1428589,45.53906419,2023-05-23
78,-65.13669471,45.62886968,2023-05-23
78,-65.00871142,45.62446308,2023-05-23
78,-65.01507852,45.53467129,2023-05-23
78,-65.1428589,45.53906419,2023-05-23
79,-65.01507852,45.53467129,2023-05-23
79,-65.00871142,45.62446308,2023-05-23
79,-64.8807583,45.61991347,2023-05-23
79,-64.88732813,45.53013583,2023-05-23
79,-65.01507852,45.53467129,2023-05-23
80,-64.88732813,45.53013583,2023-05-23
80,-64.8807583,45.61991347,2023-05-23
80,-64.7528363,45.61522094,2023-05-23
80,-64.75960868,45.52545789,2023-05-23
80,-64.88732813,45.53013583,2023-05-23
81,-66.67449785,45.67056547,2022-10-03
81,-66.67076252,45.76049905,2022-10-03
81,-66.54228661,45.75780613,2022-10-03
81,-66.54622748,45.66788094,2022-10-03
81,-66.67449785,45.67056547,2022-10-03
82,-66.28974356,45.66208034,2022-10-03
82,-66.28539194,45.75198742,2022-10-03
82,-66.15697513,45.74886173,2022-10-03
82,-66.16153195,45.65896439,2022-10-03
82,-66.28974356,45.66208034,2022-10-03
83,-66.16153195,45.65896439,2022-10-03
83,-66.15697513,45.74886173,2022-10-03
83,-66.02857997,45.74559191,2022-10-03
83,-66.03334186,45.65570474,2022-10-03
83,-66.16153195,45.65896439,2022-10-03
84,-66.03334186,45.65570474,2022-10-03
84,-66.02857997,45.74559191,2022-10-03
84,-65.90020742,45.74217801,2022-10-03
84,-65.90517425,45.65230147,2022-10-03
84,-66.03334186,45.65570474,2022-10-03
85,-65.90517425,45.65230147,2022-10-03
85,-65.90020742,45.74217801,2022-10-03
85,-65.77185846,45.73862011,2022-10-03
85,-65.7770301,45.64875464,2022-10-03
85,-65.90517425,45.65230147,2022-10-03
86,-65.7770301,45.64875464,2022-10-03
86,-65.77185846,45.73862011,2022-10-03
86,-65.64353406,45.73491827,2022-10-03
86,-65.64891035,45.64506432,2022-10-03
86,-65.7770301,45.64875464,2022-10-03
87,-65.64891035,45.64506432,2022-10-03
87,-65.64353406,45.73491827,2022-10-03
87,-65.51523517,45.73107258,2022-10-03
87,-65.52081598,45.64123059,2022-10-03
87,-65.64891035,45.64506432,2022-10-03
88,-65.52081598,45.64123059,2023-05-23
88,-65.51523517,45.73107258,2023-05-23
88,-65.38696278,45.7270831,2023-05-23
88,-65.39274794,45.63725352,2023-05-23
88,-65.52081598,45.64123059,2023-05-23
89,-65.39274794,45.63725352,2023-05-23
89,-65.38696278,45.7270831,2023-05-23
89,-65.25871784,45.72294991,2023-05-23
89,-65.2647072,45.63313319,2023-05-23
89,-65.39274794,45.63725352,2023-05-23
90,-65.13669471,45.62886968,2023-05-23
90,-65.13050131,45.7186731,2023-05-23
90,-65.00231416,45.71425275,2023-05-23
90,-65.00871142,45.62446308,2023-05-23
90,-65.13669471,45.62886968,2023-05-23
91,-65.00871142,45.62446308,2023-05-23
91,-65.00231416,45.71425275,2023-05-23
91,-64.87415736,45.70968895,2023-05-23
91,-64.8807583,45.61991347,2023-05-23
91,-65.00871142,45.62446308,2023-05-23
92,-64.8807583,45.61991347,2023-05-23
92,-64.87415736,45.70968895,2023-05-23
92,-64.74603185,45.70498179,2023-05-23
92,-64.7528363,45.61522094,2023-05-23
92,-64.8807583,45.61991347,2023-05-23
93,-64.7528363,45.61522094,2023-05-23
93,-64.74603185,45.70498179,2023-05-23
93,-64.61793859,45.70013137,2023-05-23
93,-64.62494637,45.61038559,2023-05-23
93,-64.7528363,45.61522094,2023-05-23
94,-66.92776664,45.76545171,2022-10-03
94,-66.92442689,45.8553991,2022-10-03
94,-66.79570973,45.85298747,2022-10-03
94,-66.79925619,45.76304759,2022-10-03
94,-66.92776664,45.76545171,2022-10-03
95,-66.67076252,45.76049905,2022-10-03
95,-66.66700944,45.85043097,2022-10-03
95,-66.53832701,45.84772964,2022-10-03
95,-66.54228661,45.75780613,2022-10-03
95,-66.67076252,45.76049905,2022-10-03
96,-66.54228661,45.75780613,2022-10-03
96,-66.53832701,45.84772964,2022-10-03
96,-66.40966342,45.84488355,2022-10-03
96,-66.41382942,45.75496891,2022-10-03
96,-66.54228661,45.75780613,2022-10-03
97,-66.41382942,45.75496891,2022-10-03
97,-66.40966342,45.84488355,2022-10-03
97,-66.28101965,45.84189275,2022-10-03
97,-66.28539194,45.75198742,2022-10-03
97,-66.41382942,45.75496891,2022-10-03
98,-66.28539194,45.75198742,2022-10-03
98,-66.28101965,45.84189275,2022-10-03
98,-66.15239667,45.8387573,2022-10-03
98,-66.15697513,45.74886173,2022-10-03
98,-66.28539194,45.75198742,2022-10-03
99,-66.15697513,45.74886173,2022-10-03
99,-66.15239667,45.8387573,2022-10-03
99,-66.02379546,45.83547727,2022-10-03
99,-66.02857997,45.74559191,2022-10-03
99,-66.15697513,45.74886173,2022-10-03
100,-66.02857997,45.74559191,2022-10-03
100,-66.02379546,45.83547727,2022-10-03
100,-65.89521701,45.83205271,2022-10-03
100,-65.90020742,45.74217801,2022-10-03
100,-66.02857997,45.74559191,2022-10-03
101,-65.64353406,45.73491827,2022-10-03
101,-65.63813224,45.82477031,2022-10-03
101,-65.50962788,45.82091261,2022-10-03
101,-65.51523517,45.73107258,2022-10-03
101,-65.64353406,45.73491827,2022-10-03
102,-65.51523517,45.73107258,2022-10-03
102,-65.50962788,45.82091261,2022-10-03
102,-65.38115016,45.81691068,2022-10-03
102,-65.38696278,45.7270831,2022-10-03
102,-65.51523517,45.73107258,2022-10-03
103,-64.87415736,45.70968895,2023-05-23
103,-64.86752511,45.79946227,2023-05-23
103,-64.73919514,45.79474044,2023-05-23
103,-64.74603185,45.70498179,2023-05-23
103,-64.87415736,45.70968895,2023-05-23
104,-64.74603185,45.70498179,2023-05-23
104,-64.73919514,45.79474044,2023-05-23
104,-64.61089761,45.78987489,2023-05-23
104,-64.61793859,45.70013137,2023-05-23
104,-64.74603185,45.70498179,2023-05-23
105,-64.61793859,45.70013137,2023-05-23
105,-64.61089761,45.78987489,2023-05-23
105,-64.48263349,45.78486573,2023-05-23
105,-64.48987855,45.69513777,2023-05-23
105,-64.61793859,45.70013137,2023-05-23
106,-64.48987855,45.69513777,2023-05-23
106,-64.48263349,45.78486573,2023-05-23
106,-64.35440373,45.77971305,2023-05-23
106,-64.36185268,45.6900011,2023-05-23
106,-64.48987855,45.69513777,2023-05-23
107,-67.43944467,45.86359601,2022-10-03
107,-67.43692071,45.95356741,2022-10-03
107,-67.30793783,45.95172999,2022-10-03
107,-67.31066983,45.86176431,2022-10-03
107,-67.43944467,45.86359601,2022-10-03
108,-67.31066983,45.86176431,2022-10-03
108,-67.30793783,45.95172999,2022-10-03
108,-67.17896796,45.94974707,2022-10-03
108,-67.18190793,45.85978757,2022-10-03
108,-67.31066983,45.86176431,2022-10-03
109,-67.18190793,45.85978757,2022-10-03
109,-67.17896796,45.94974707,2022-10-03
109,-67.05001211,45.94761868,2022-10-03
109,-67.05315995,45.85766582,2022-10-03
109,-67.18190793,45.85978757,2022-10-03
110,-67.05315995,45.85766582,2022-10-03
110,-67.05001211,45.94761868,2022-10-03
110,-66.92107126,45.94534489,2022-10-03
110,-66.92442689,45.8553991,2022-10-03
110,-67.05315995,45.85766582,2022-10-03
111,-66.92442689,45.8553991,2022-10-03
111,-66.92107126,45.94534489,2022-10-03
111,-66.79214639,45.94292572,2022-10-03
111,-66.79570973,45.85298747,2022-10-03
111,-66.92442689,45.8553991,2022-10-03
112,-66.66700944,45.85043097,2022-10-03
112,-66.6632385,45.94036122,2022-10-03
112,-66.53434858,45.93765146,2022-10-03
112,-66.53832701,45.84772964,2022-10-03
112,-66.66700944,45.85043097,2022-10-03
113,-66.53832701,45.84772964,2022-10-03
113,-66.53434858,45.93765146,2022-10-03
113,-66.4054776,45.93479648,2022-10-03
113,-66.40966342,45.84488355,2022-10-03
113,-66.53832701,45.84772964,2022-10-03
114,-66.40966342,45.84488355,2022-10-03
114,-66.4054776,45.93479648,2022-10-03
114,-66.27662656,45.93179634,2022-10-03
114,-66.28101965,45.84189275,2022-10-03
114,-66.40966342,45.84488355,2022-10-03
115,-66.28101965,45.84189275,2022-10-03
115,-66.27662656,45.93179634,2022-10-03
115,-66.14779643,45.9286511,2022-10-03
115,-66.15239667,45.8387573,2022-10-03
115,-66.28101965,45.84189275,2022-10-03
116,-66.15239667,45.8387573,2022-10-03
116,-66.14779643,45.9286511,2022-10-03
116,-66.01898821,45.92536082,2022-10-03
116,-66.02379546,45.83547727,2022-10-03
116,-66.15239667,45.8387573,2022-10-03
117,-66.02379546,45.83547727,2022-10-03
117,-66.01898821,45.92536082,2022-10-03
117,-65.89020287,45.92192557,2022-10-03
117,-65.89521701,45.83205271,2022-10-03
117,-66.02379546,45.83547727,2022-10-03
118,-65.89521701,45.83205271,2022-10-03
118,-65.89020287,45.92192557,2022-10-03
118,-65.76144139,45.91834541,2022-10-03
118,-65.76666228,45.8284837,2022-10-03
118,-65.89521701,45.83205271,2022-10-03
119,-64.73919514,45.79474044,2023-05-23
119,-64.73232598,45.88449686,2023-05-23
119,-64.60382322,45.87961615,2023-05-23
119,-64.61089761,45.78987489,2023-05-23
119,-64.73919514,45.79474044,2023-05-23
120,-64.61089761,45.78987489,2023-05-23
120,-64.60382322,45.87961615,2023-05-23
120,-64.47535405,45.87459137,2023-05-23
120,-64.48263349,45.78486573,2023-05-23
120,-64.61089761,45.78987489,2023-05-23
121,-64.48263349,45.78486573,2023-05-23
121,-64.47535405,45.87459137,2023-05-23
121,-64.34691946,45.86942263,2023-05-23
121,-64.35440373,45.77971305,2023-05-23
121,-64.48263349,45.78486573,2023-05-23
122,-64.35440373,45.77971305,2023-05-23
122,-64.34691946,45.86942263,2023-05-23
122,-64.21852039,45.86411004,2023-05-23
122,-64.2262093,45.77441696,2023-05-23
122,-64.35440373,45.77971305,2023-05-23
123,-67.56591563,45.9552593,2022-10-03
123,-67.56358875,46.04523446,2022-10-03
123,-67.43438473,46.04353728,2022-10-03
123,-67.43692071,45.95356741,2022-10-03
123,-67.56591563,45.9552593,2022-10-03
124,-67.43692071,45.95356741,2022-10-03
124,-67.43438473,46.04353728,2022-10-03
124,-67.30519281,46.04169412,2022-10-03
124,-67.30793783,45.95172999,2022-10-03
124,-67.43692071,45.95356741,2022-10-03
125,-67.30793783,45.95172999,2022-10-03
125,-67.30519281,46.04169412,2022-10-03
125,-67.17601399,46.03970499,2022-10-03
125,-67.17896796,45.94974707,2022-10-03
125,-67.30793783,45.95172999,2022-10-03
126,-67.17896796,45.94974707,2022-10-03
126,-67.17601399,46.03970499,2022-10-03
126,-67.04684927,46.03756996,2022-10-03
126,-67.05001211,45.94761868,2022-10-03
126,-67.17896796,45.94974707,2022-10-03
127,-67.05001211,45.94761868,2022-10-03
127,-67.04684927,46.03756996,2022-10-03
127,-66.91769963,46.03528906,2022-10-03
127,-66.92107126,45.94534489,2022-10-03
127,-67.05001211,45.94761868,2022-10-03
128,-66.92107126,45.94534489,2022-10-03
128,-66.91769963,46.03528906,2022-10-03
128,-66.78856608,46.03286232,2022-10-03
128,-66.79214639,45.94292572,2022-10-03
128,-66.92107126,45.94534489,2022-10-03
129,-66.79214639,45.94292572,2022-10-03
129,-66.78856608,46.03286232,2022-10-03
129,-66.6594496,46.03028982,2022-10-03
129,-66.6632385,45.94036122,2022-10-03
129,-66.79214639,45.94292572,2022-10-03
130,-66.6632385,45.94036122,2022-10-03
130,-66.6594496,46.03028982,2022-10-03
130,-66.53035119,46.02757159,2022-10-03
130,-66.53434858,45.93765146,2022-10-03
130,-66.6632385,45.94036122,2022-10-03
131,-66.4054776,45.93479648,2022-10-03
131,-66.40127184,46.02470769,2022-10-03
131,-66.27221255,46.02169817,2022-10-03
131,-66.27662656,45.93179634,2022-10-03
131,-66.4054776,45.93479648,2022-10-03
132,-66.27662656,45.93179634,2022-10-03
132,-66.27221255,46.02169817,2022-10-03
132,-66.14317429,46.01854311,2022-10-03
132,-66.14779643,45.9286511,2022-10-03
132,-66.27662656,45.93179634,2022-10-03
133,-66.14779643,45.9286511,2022-10-03
133,-66.14317429,46.01854311,2022-10-03
133,-66.01415807,46.01524255,2022-10-03
133,-66.01898821,45.92536082,2022-10-03
133,-66.14779643,45.9286511,2022-10-03
134,-66.01898821,45.92536082,2022-10-03
134,-66.01415807,46.01524255,2022-10-03
134,-65.88516486,46.01179657,2022-10-03
134,-65.89020287,45.92192557,2022-10-03
134,-66.01898821,45.92536082,2022-10-03
135,-65.89020287,45.92192557,2022-10-03
135,-65.88516486,46.01179657,2022-10-03
135,-65.75619566,46.00820524,2022-10-03
135,-65.76144139,45.91834541,2022-10-03
135,-65.89020287,45.92192557,2022-10-03
136,-65.76144139,45.91834541,2022-10-03
136,-65.75619566,46.00820524,2022-10-03
136,-65.62725145,46.00446863,2022-10-03
136,-65.63270476,45.91462043,2022-10-03
136,-65.76144139,45.91834541,2022-10-03
137,-64.73232598,45.88449686,2023-05-23
137,-64.72542419,45.97425107,2023-05-23
137,-64.59671522,45.96935513,2023-05-23
137,-64.60382322,45.87961615,2023-05-23
137,-64.73232598,45.88449686,2023-05-23
138,-64.60382322,45.87961615,2023-05-23
138,-64.59671522,45.96935513,2023-05-23
138,-64.46804005,45.96431469,2023-05-23
138,-64.47535405,45.87459137,2023-05-23
138,-64.60382322,45.87961615,2023-05-23
139,-64.47535405,45.87459137,2023-05-23
139,-64.46804005,45.96431469,2023-05-23
139,-64.33939965,45.95912984,2023-05-23
139,-64.34691946,45.86942263,2023-05-23
139,-64.47535405,45.87459137,2023-05-23
140,-64.34691946,45.86942263,2023-05-23
140,-64.33939965,45.95912984,2023-05-23
140,-64.21079499,45.95380069,2023-05-23
140,-64.21852039,45.86411004,2023-05-23
140,-64.34691946,45.86942263,2023-05-23
141,-67.30519281,46.04169412,2022-10-03
141,-67.3024347,46.13165669,2022-10-03
141,-67.17304593,46.12966135,2022-10-03
141,-67.17601399,46.03970499,2022-10-03
141,-67.30519281,46.04169412,2022-10-03
142,-67.04684927,46.03756996,2022-10-03
142,-67.04367134,46.12751964,2022-10-03
142,-66.91431192,46.12523161,2022-10-03
142,-66.91769963,46.03528906,2022-10-03
142,-67.04684927,46.03756996,2022-10-03
143,-66.91769963,46.03528906,2022-10-03
143,-66.91431192,46.12523161,2022-10-03
143,-66.78496869,46.12279729,2022-10-03
143,-66.78856608,46.03286232,2022-10-03
143,-66.91769963,46.03528906,2022-10-03
144,-66.6594496,46.03028982,2022-10-03
144,-66.65564263,46.12021675,2022-10-03
144,-66.52633475,46.11749002,2022-10-03
144,-66.53035119,46.02757159,2022-10-03
144,-66.6594496,46.03028982,2022-10-03
145,-66.40127184,46.02470769,2022-10-03
145,-66.39704604,46.11461717,2022-10-03
145,-66.2677775,46.11159826,2022-10-03
145,-66.27221255,46.02169817,2022-10-03
145,-66.40127184,46.02470769,2022-10-03
146,-66.27221255,46.02169817,2022-10-03
146,-66.2677775,46.11159826,2022-10-03
146,-66.13853012,46.10843334,2022-10-03
146,-66.14317429,46.01854311,2022-10-03
146,-66.27221255,46.02169817,2022-10-03
147,-66.14317429,46.01854311,2022-10-03
147,-66.13853012,46.10843334,2022-10-03
147,-66.00930491,46.10512247,2022-10-03
147,-66.01415807,46.01524255,2022-10-03
147,-66.14317429,46.01854311,2022-10-03
148,-66.01415807,46.01524255,2022-10-03
148,-66.00930491,46.10512247,2022-10-03
148,-65.88010285,46.10166573,2022-10-03
148,-65.88516486,46.01179657,2022-10-03
148,-66.01415807,46.01524255,2022-10-03
149,-65.88516486,46.01179657,2022-10-03
149,-65.88010285,46.10166573,2022-10-03
149,-65.75092494,46.09806318,2022-10-03
149,-65.75619566,46.00820524,2022-10-03
149,-65.88516486,46.01179657,2022-10-03
150,-65.11174416,45.98807089,2023-05-23
150,-65.10543221,46.07786598,2023-05-23
150,-64.97641995,46.07339022,2023-05-23
150,-64.98293964,45.98360904,2023-05-23
150,-65.11174416,45.98807089,2023-05-23
151,-64.98293964,45.98360904,2023-05-23
151,-64.97641995,46.07339022,2023-05-23
151,-64.84743874,46.06876921,2023-05-23
151,-64.85416599,45.97900241,2023-05-23
151,-64.98293964,45.98360904,2023-05-23
152,-64.85416599,45.97900241,2023-05-23
152,-64.84743874,46.06876921,2023-05-23
152,-64.71848958,46.06400306,2023-05-23
152,-64.72542419,45.97425107,2023-05-23
152,-64.85416599,45.97900241,2023-05-23
153,-64.72542419,45.97425107,2023-05-23
153,-64.71848958,46.06400306,2023-05-23
153,-64.58957343,46.05909185,2023-05-23
153,-64.59671522,45.96935513,2023-05-23
153,-64.72542419,45.97425107,2023-05-23
154,-64.59671522,45.96935513,2023-05-23
154,-64.58957343,46.05909185,2023-05-23
154,-64.46069128,46.05403569,2023-05-23
154,-64.46804005,45.96431469,2023-05-23
154,-64.59671522,45.96935513,2023-05-23
155,-64.21079499,45.95380069,2023-05-23
155,-64.20303288,46.04348892,2023-05-23
155,-64.07425858,46.03799851,2023-05-23
155,-64.08222704,45.94832734,2023-05-23
155,-64.21079499,45.95380069,2023-05-23
156,-64.08222704,45.94832734,2023-05-23
156,-64.07425858,46.03799851,2023-05-23
156,-63.94552217,46.03236358,2023-05-23
156,-63.95369676,45.94270991,2023-05-23
156,-64.08222704,45.94832734,2023-05-23
157,-66.91431192,46.12523161,2022-10-03
157,-66.91090804,46.21517255,2022-10-03
157,-66.78135412,46.21273062,2022-10-03
157,-66.78496869,46.12279729,2022-10-03
157,-66.91431192,46.12523161,2022-10-03
158,-66.78496869,46.12279729,2022-10-03
158,-66.78135412,46.21273062,2022-10-03
158,-66.65181748,46.21014201,2022-10-03
158,-66.65564263,46.12021675,2022-10-03
158,-66.78496869,46.12279729,2022-10-03
159,-66.65564263,46.12021675,2022-10-03
159,-66.65181748,46.21014201,2022-10-03
159,-66.52229913,46.20740677,2022-10-03
159,-66.52633475,46.11749002,2022-10-03
159,-66.65564263,46.12021675,2022-10-03
160,-66.39704604,46.11461717,2022-10-03
160,-66.39280006,46.20452494,2022-10-03
160,-66.26332128,46.20149659,2022-10-03
160,-66.2677775,46.11159826,2022-10-03
160,-66.39704604,46.11461717,2022-10-03
161,-66.13853012,46.10843334,2022-10-03
161,-66.1338638,46.19832178,2022-10-03
161,-66.0044286,46.19500057,2022-10-03
161,-66.00930491,46.10512247,2022-10-03
161,-66.13853012,46.10843334,2022-10-03
162,-66.00930491,46.10512247,2022-10-03
162,-66.0044286,46.19500057,2022-10-03
162,-65.87501669,46.19153304,2022-10-03
162,-65.88010285,46.10166573,2022-10-03
162,-66.00930491,46.10512247,2022-10-03
163,-65.88010285,46.10166573,2022-10-03
163,-65.87501669,46.19153304,2022-10-03
163,-65.74562908,46.18791924,2022-10-03
163,-65.75092494,46.09806318,2022-10-03
163,-65.88010285,46.10166573,2022-10-03
164,-65.75092494,46.09806318,2022-10-03
164,-65.74562908,46.18791924,2022-10-03
164,-65.61626675,46.18415925,2022-10-03
164,-65.62177216,46.0943149,2022-10-03
164,-65.75092494,46.09806318,2022-10-03
165,-64.84743874,46.06876921,2023-05-23
165,-64.84067946,46.15853383,2023-05-23
165,-64.71152194,46.15375281,2023-05-23
165,-64.71848958,46.06400306,2023-05-23
165,-64.84743874,46.06876921,2023-05-23
166,-64.58957343,46.05909185,2023-05-23
166,-64.58239764,46.14882629,2023-05-23
166,-64.45330753,46.14375436,2023-05-23
166,-64.46069128,46.05403569,2023-05-23
166,-64.58957343,46.05909185,2023-05-23
167,-64.20303288,46.04348892,2023-05-23
167,-64.19523385,46.13317471,2023-05-23
167,-64.06625223,46.1276672,2023-05-23
167,-64.07425858,46.03799851,2023-05-23
167,-64.20303288,46.04348892,2023-05-23
168,-64.07425858,46.03799851,2023-05-23
168,-64.06625223,46.1276672,2023-05-23
168,-63.93730872,46.1220147,2023-05-23
168,-63.94552217,46.03236358,2023-05-23
168,-64.07425858,46.03799851,2023-05-23
169,-63.94552217,46.03236358,2023-05-23
169,-63.93730872,46.1220147,2023-05-23
169,-63.80840432,46.11621735,2023-05-23
169,-63.81682463,46.02658422,2023-05-23
169,-63.94552217,46.03236358,2023-05-23
170,-63.81682463,46.02658422,2023-05-23
170,-63.80840432,46.11621735,2023-05-23
170,-63.67953998,46.11027524,2023-05-23
170,-63.68816693,46.02066056,2023-05-23
170,-63.81682463,46.02658422,2023-05-23
171,-66.91090804,46.21517255,2022-10-03
171,-66.90748788,46.30511187,2022-10-03
171,-66.77772227,46.30266231,2022-10-03
171,-66.78135412,46.21273062,2022-10-03
171,-66.91090804,46.21517255,2022-10-03
172,-66.78135412,46.21273062,2022-10-03
172,-66.77772227,46.30266231,2022-10-03
172,-66.64797405,46.30006561,2022-10-03
172,-66.65181748,46.21014201,2022-10-03
172,-66.78135412,46.21273062,2022-10-03
173,-66.65181748,46.21014201,2022-10-03
173,-66.64797405,46.30006561,2022-10-03
173,-66.51824422,46.29732181,2022-10-03
173,-66.52229913,46.20740677,2022-10-03
173,-66.65181748,46.21014201,2022-10-03
174,-66.0044286,46.19500057,2022-10-03
174,-65.999529,46.28487685,2022-10-03
174,-65.86990625,46.28139849,2022-10-03
174,-65.87501669,46.19153304,2022-10-03
174,-66.0044286,46.19500057,2022-10-03
175,-65.87501669,46.19153304,2022-10-03
175,-65.86990625,46.28139849,2022-10-03
175,-65.74030793,46.2777734,2022-10-03
175,-65.74562908,46.18791924,2022-10-03
175,-65.87501669,46.19153304,2022-10-03
176,-64.84067946,46.15853383,2023-05-23
176,-64.83388794,46.24829626,2023-05-23
176,-64.70452109,46.24350033,2023-05-23
176,-64.71152194,46.15375281,2023-05-23
176,-64.84067946,46.15853383,2023-05-23
177,-64.71152194,46.15375281,2023-05-23
177,-64.70452109,46.24350033,2023-05-23
177,-64.57518765,46.23855844,2023-05-23
177,-64.58239764,46.14882629,2023-05-23
177,-64.71152194,46.15375281,2023-05-23
178,-64.58239764,46.14882629,2023-05-23
178,-64.57518765,46.23855844,2023-05-23
178,-64.4458886,46.2334707,2023-05-23
178,-64.45330753,46.14375436,2023-05-23
178,-64.58239764,46.14882629,2023-05-23
179,-64.45330753,46.14375436,2023-05-23
179,-64.4458886,46.2334707,2023-05-23
179,-64.31662495,46.2282372,2023-05-23
179,-64.32425261,46.13853713,2023-05-23
179,-64.45330753,46.14375436,2023-05-23
180,-64.32425261,46.13853713,2023-05-23
180,-64.31662495,46.2282372,2023-05-23
180,-64.18739767,46.22285806,2023-05-23
180,-64.19523385,46.13317471,2023-05-23
180,-64.32425261,46.13853713,2023-05-23
181,-64.19523385,46.13317471,2023-05-23
181,-64.18739767,46.22285806,2023-05-23
181,-64.05820776,46.21733338,2023-05-23
181,-64.06625223,46.1276672,2023-05-23
181,-64.19523385,46.13317471,2023-05-23
182,-64.06625223,46.1276672,2023-05-23
182,-64.05820776,46.21733338,2023-05-23
182,-63.92905618,46.21166328,2023-05-23
182,-63.93730872,46.1220147,2023-05-23
182,-64.06625223,46.1276672,2023-05-23
183,-63.93730872,46.1220147,2023-05-23
183,-63.92905618,46.21166328,2023-05-23
183,-63.79994393,46.20584786,2023-05-23
183,-63.80840432,46.11621735,2023-05-23
183,-63.93730872,46.1220147,2023-05-23
184,-63.80840432,46.11621735,2023-05-23
184,-63.79994393,46.20584786,2023-05-23
184,-63.67087198,46.19988724,2023-05-23
184,-63.67953998,46.11027524,2023-05-23
184,-63.80840432,46.11621735,2023-05-23
185,-65.09271792,46.25744989,2023-05-23
185,-65.08631521,46.3472387,2023-05-23
185,-64.9566738,46.3427209,2023-05-23
185,-64.96328722,46.25294615,2023-05-23
185,-65.09271792,46.25744989,2023-05-23
186,-64.96328722,46.25294615,2023-05-23
186,-64.9566738,46.3427209,2023-05-23
186,-64.82706401,46.33805651,2023-05-23
186,-64.83388794,46.24829626,2023-05-23
186,-64.96328722,46.25294615,2023-05-23
187,-64.83388794,46.24829626,2023-05-23
187,-64.82706401,46.33805651,2023-05-23
187,-64.69748683,46.33324561,2023-05-23
187,-64.70452109,46.24350033,2023-05-23
187,-64.83388794,46.24829626,2023-05-23
188,-64.70452109,46.24350033,2023-05-23
188,-64.69748683,46.33324561,2023-05-23
188,-64.56794326,46.3282883,2023-05-23
188,-64.57518765,46.23855844,2023-05-23
188,-64.70452109,46.24350033,2023-05-23
189,-64.57518765,46.23855844,2023-05-23
189,-64.56794326,46.3282883,2023-05-23
189,-64.43843429,46.32318469,2023-05-23
189,-64.4458886,46.2334707,2023-05-23
189,-64.57518765,46.23855844,2023-05-23
190,-64.4458886,46.2334707,2023-05-23
190,-64.43843429,46.32318469,2023-05-23
190,-64.30896092,46.31793488,2023-05-23
190,-64.31662495,46.2282372,2023-05-23
190,-64.4458886,46.2334707,2023-05-23
191,-64.31662495,46.2282372,2023-05-23
191,-64.30896092,46.31793488,2023-05-23
191,-64.17952414,46.31253897,2023-05-23
191,-64.18739767,46.22285806,2023-05-23
191,-64.31662495,46.2282372,2023-05-23
192,-65.08631521,46.3472387,2023-05-23
192,-65.07988189,46.43702541,2023-05-23
192,-64.95002878,46.43249351,2023-05-23
192,-64.9566738,46.3427209,2023-05-23
192,-65.08631521,46.3472387,2023-05-23
193,-64.9566738,46.3427209,2023-05-23
193,-64.95002878,46.43249351,2023-05-23
193,-64.82020747,46.42781455,2023-05-23
193,-64.82706401,46.33805651,2023-05-23
193,-64.9566738,46.3427209,2023-05-23
194,-64.82706401,46.33805651,2023-05-23
194,-64.82020747,46.42781455,2023-05-23
194,-64.69041896,46.42298864,2023-05-23
194,-64.69748683,46.33324561,2023-05-23
194,-64.82706401,46.33805651,2023-05-23
195,-64.69748683,46.33324561,2023-05-23
195,-64.69041896,46.42298864,2023-05-23
195,-64.56066426,46.41801587,2023-05-23
195,-64.56794326,46.3282883,2023-05-23
195,-64.69748683,46.33324561,2023-05-23
196,-64.56794326,46.3282883,2023-05-23
196,-64.56066426,46.41801587,2023-05-23
196,-64.43094437,46.41289634,2023-05-23
196,-64.43843429,46.32318469,2023-05-23
196,-64.56794326,46.3282883,2023-05-23
197,-65.33967949,46.44564769,2023-05-23
197,-65.33364135,46.53545922,2023-05-23
197,-65.20351458,46.53120846,2023-05-23
197,-65.2097658,46.44141017,2023-05-23
197,-65.33967949,46.44564769,2023-05-23
198,-65.2097658,46.44141017,2023-05-23
198,-65.20351458,46.53120846,2023-05-23
198,-65.07341778,46.52681001,2023-05-23
198,-65.07988189,46.43702541,2023-05-23
198,-65.2097658,46.44141017,2023-05-23
199,-65.07988189,46.43702541,2023-05-23
199,-65.07341778,46.52681001,2023-05-23
199,-64.94335195,46.52226396,2023-05-23
199,-64.95002878,46.43249351,2023-05-23
199,-65.07988189,46.43702541,2023-05-23
200,-64.82020747,46.42781455,2023-05-23
200,-64.81331812,46.5175704,2023-05-23
200,-64.68331728,46.51272943,2023-05-23
200,-64.69041896,46.42298864,2023-05-23
200,-64.82020747,46.42781455,2023-05-23
201,-64.69041896,46.42298864,2023-05-23
201,-64.68331728,46.51272943,2023-05-23
201,-64.55335045,46.50774114,2023-05-23
201,-64.56066426,46.41801587,2023-05-23
201,-64.69041896,46.42298864,2023-05-23
202,-65.20351458,46.53120846,2023-05-23
202,-65.1972334,46.62100468,2023-05-23
202,-65.06692269,46.61659249,2023-05-23
202,-65.07341778,46.52681001,2023-05-23
202,-65.20351458,46.53120846,2023-05-23
203,-65.07341778,46.52681001,2023-05-23
203,-65.06692269,46.61659249,2023-05-23
203,-64.93664314,46.61203225,2023-05-23
203,-64.94335195,46.52226396,2023-05-23
203,-65.07341778,46.52681001,2023-05-23
204,-64.94335195,46.52226396,2023-05-23
204,-64.93664314,46.61203225,2023-05-23
204,-64.80639576,46.60732404,2023-05-23
204,-64.81331812,46.5175704,2023-05-23
204,-64.94335195,46.52226396,2023-05-23
205,-64.81331812,46.5175704,2023-05-23
205,-64.80639576,46.60732404,2023-05-23
205,-64.67618159,46.60246796,2023-05-23
205,-64.68331728,46.51272943,2023-05-23
205,-64.81331812,46.5175704,2023-05-23
206,-64.68331728,46.51272943,2023-05-23
206,-64.67618159,46.60246796,2023-05-23
206,-64.54600163,46.5974641,2023-05-23
206,-64.55335045,46.50774114,2023-05-23
206,-64.68331728,46.51272943,2023-05-23
207,-65.06692269,46.61659249,2023-05-23
207,-65.06039643,46.70637286,2023-05-23
207,-64.92990214,46.70179838,2023-05-23
207,-64.93664314,46.61203225,2023-05-23
207,-65.06692269,46.61659249,2023-05-23
208,-64.93664314,46.61203225,2023-05-23
208,-64.92990214,46.70179838,2023-05-23
208,-64.79944021,46.69707547,2023-05-23
208,-64.80639576,46.60732404,2023-05-23
208,-64.93664314,46.61203225,2023-05-23
209,-64.80639576,46.60732404,2023-05-23
209,-64.79944021,46.69707547,2023-05-23
209,-64.66901169,46.69220423,2023-05-23
209,-64.67618159,46.60246796,2023-05-23
209,-64.80639576,46.60732404,2023-05-23
210,-66.10539303,46.73761485,2022-10-28
210,-66.10056784,46.82749075,2022-10-28
210,-65.96963445,46.82409619,2022-10-28
210,-65.97467674,46.73423088,2022-10-28
210,-66.10539303,46.73761485,2022-10-28
211,-65.97467674,46.73423088,2022-10-28
211,-65.96963445,46.82409619,2022-10-28
211,-65.83872534,46.82055208,2022-10-28
211,-65.84398459,46.73069782,2022-10-28
211,-65.97467674,46.73423088,2022-10-28
212,-65.84398459,46.73069782,2022-10-28
212,-65.83872534,46.82055208,2022-10-28
212,-65.70784156,46.8168585,2022-10-28
212,-65.71331762,46.72701574,2022-10-28
212,-65.84398459,46.73069782,2022-10-28
213,-65.19092208,46.71079883,2022-10-28
213,-65.18458044,46.80059091,2022-10-28
213,-65.05383883,46.79615112,2022-10-28
213,-65.06039643,46.70637286,2022-10-28
213,-65.19092208,46.71079883,2022-10-28
214,-65.06039643,46.70637286,2023-05-23
214,-65.05383883,46.79615112,2023-05-23
214,-64.92312877,46.79156234,2023-05-23
214,-64.92990214,46.70179838,2023-05-23
214,-65.06039643,46.70637286,2023-05-23
215,-64.92990214,46.70179838,2023-05-23
215,-64.92312877,46.79156234,2023-05-23
215,-64.79245127,46.78682468,2023-05-23
215,-64.79944021,46.69707547,2023-05-23
215,-64.92990214,46.70179838,2023-05-23
216,-64.79944021,46.69707547,2023-05-23
216,-64.79245127,46.78682468,2023-05-23
216,-64.66180737,46.78193823,2023-05-23
216,-64.66901169,46.69220423,2023-05-23
216,-64.79944021,46.69707547,2023-05-23
217,-66.10056784,46.82749075,2022-10-28
217,-66.09571941,46.91736484,2022-10-28
217,-65.96456787,46.91395967,2022-10-28
217,-65.96963445,46.82409619,2022-10-28
217,-66.10056784,46.82749075,2022-10-28
218,-65.96963445,46.82409619,2022-10-28
218,-65.96456787,46.91395967,2022-10-28
218,-65.83344077,46.91040448,2022-10-28
218,-65.83872534,46.82055208,2022-10-28
218,-65.96963445,46.82409619,2022-10-28
219,-65.83872534,46.82055208,2022-10-28
219,-65.83344077,46.91040448,2022-10-28
219,-65.70233914,46.90669934,2022-10-28
219,-65.70784156,46.8168585,2022-10-28
219,-65.83872534,46.82055208,2022-10-28
220,-65.70784156,46.8168585,2022-10-28
220,-65.70233914,46.90669934,2022-10-28
220,-65.57126404,46.90284433,2022-10-28
220,-65.57698414,46.81301551,2022-10-28
220,-65.70784156,46.8168585,2022-10-28
221,-65.57698414,46.81301551,2022-10-28
221,-65.57126404,46.90284433,2022-10-28
221,-65.4402165,46.89883954,2022-10-28
221,-65.44615413,46.80902319,2022-10-28
221,-65.57698414,46.81301551,2022-10-28
222,-65.44615413,46.80902319,2022-10-28
222,-65.4402165,46.89883954,2022-10-28
222,-65.30919757,46.89468503,2022-10-28
222,-65.31535254,46.80488163,2022-10-28
222,-65.44615413,46.80902319,2022-10-28
223,-65.31535254,46.80488163,2022-10-28
223,-65.30919757,46.89468503,2022-10-28
223,-65.17820828,46.8903809,2022-10-28
223,-65.18458044,46.80059091,2022-10-28
223,-65.31535254,46.80488163,2022-10-28
224,-65.18458044,46.80059091,2022-10-28
224,-65.17820828,46.8903809,2022-10-28
224,-65.04724969,46.88592724,2022-10-28
224,-65.05383883,46.79615112,2022-10-28
224,-65.18458044,46.80059091,2022-10-28
225,-65.05383883,46.79615112,2023-05-23
225,-65.04724969,46.88592724,2023-05-23
225,-64.91632283,46.88132413,2023-05-23
225,-64.92312877,46.79156234,2023-05-23
225,-65.05383883,46.79615112,2023-05-23
226,-64.92312877,46.79156234,2023-05-23
226,-64.91632283,46.88132413,2023-05-23
226,-64.78542872,46.87657168,2023-05-23
226,-64.79245127,46.78682468,2023-05-23
226,-64.92312877,46.79156234,2023-05-23
227,-66.09571941,46.91736484,2022-10-28
227,-66.0908476,47.00723713,2022-10-28
227,-65.95947687,47.00382131,2022-10-28
227,-65.96456787,46.91395967,2022-10-28
227,-66.09571941,46.91736484,2022-10-28
228,-65.96456787,46.91395967,2022-10-28
228,-65.95947687,47.00382131,2022-10-28
228,-65.82813072,47.00025499,2022-10-28
228,-65.83344077,46.91040448,2022-10-28
228,-65.96456787,46.91395967,2022-10-28
229,-65.83344077,46.91040448,2022-10-28
229,-65.82813072,47.00025499,2022-10-28
229,-65.6968102,46.99653827,2022-10-28
229,-65.70233914,46.90669934,2022-10-28
229,-65.83344077,46.91040448,2022-10-28
230,-65.70233914,46.90669934,2022-10-28
230,-65.6968102,46.99653827,2022-10-28
230,-65.56551636,46.99267121,2022-10-28
230,-65.57126404,46.90284433,2022-10-28
230,-65.70233914,46.90669934,2022-10-28
231,-65.57126404,46.90284433,2022-10-28
231,-65.56551636,46.99267121,2022-10-28
231,-65.43425026,46.98865389,2022-10-28
231,-65.4402165,46.89883954,2022-10-28
231,-65.57126404,46.90284433,2022-10-28
232,-65.4402165,46.89883954,2022-10-28
232,-65.43425026,46.98865389,2022-10-28
232,-65.30301294,46.9844864,2022-10-28
232,-65.30919757,46.89468503,2022-10-28
232,-65.4402165,46.89883954,2022-10-28
233,-65.30919757,46.89468503,2022-10-28
233,-65.30301294,46.9844864,2022-10-28
233,-65.17180544,46.98016882,2022-10-28
233,-65.17820828,46.8903809,2022-10-28
233,-65.30919757,46.89468503,2022-10-28
234,-65.17820828,46.8903809,2022-10-28
234,-65.17180544,46.98016882,2022-10-28
234,-65.04062882,46.97570124,2022-10-28
234,-65.04724969,46.88592724,2022-10-28
234,-65.17820828,46.8903809,2022-10-28
235,-65.04724969,46.88592724,2023-05-23
235,-65.04062882,46.97570124,2023-05-23
235,-64.90948412,46.97108375,2023-05-23
235,-64.91632283,46.88132413,2023-05-23
235,-65.04724969,46.88592724,2023-05-23
236,-64.91632283,46.88132413,2023-05-23
236,-64.90948412,46.97108375,2023-05-23
236,-64.77837238,46.96631645,2023-05-23
236,-64.78542872,46.87657168,2023-05-23
236,-64.91632283,46.88132413,2023-05-23
237,-66.0908476,47.00723713,2022-10-28
237,-66.08595226,47.09710761,2022-10-28
237,-65.95436129,47.0936811,2022-10-28
237,-65.95947687,47.00382131,2022-10-28
237,-66.0908476,47.00723713,2022-10-28
238,-65.95947687,47.00382131,2022-10-28
238,-65.95436129,47.0936811,2022-10-28
238,-65.82279504,47.09010363,2022-10-28
238,-65.82813072,47.00025499,2022-10-28
238,-65.95947687,47.00382131,2022-10-28
239,-65.6968102,46.99653827,2022-10-28
239,-65.69125458,47.08637528,2022-10-28
239,-65.55974096,47.08249613,2022-10-28
239,-65.56551636,46.99267121,2022-10-28
239,-65.6968102,46.99653827,2022-10-28
240,-65.56551636,46.99267121,2022-10-28
240,-65.55974096,47.08249613,2022-10-28
240,-65.42825524,47.07846625,2022-10-28
240,-65.43425026,46.98865389,2022-10-28
240,-65.56551636,46.99267121,2022-10-28
241,-65.43425026,46.98865389,2022-10-28
241,-65.42825524,47.07846625,2022-10-28
241,-65.29679848,47.07428573,2022-10-28
241,-65.30301294,46.9844864,2022-10-28
241,-65.43425026,46.98865389,2022-10-28
242,-65.30301294,46.9844864,2022-10-28
242,-65.29679848,47.07428573,2022-10-28
242,-65.16537172,47.06995465,2022-10-28
242,-65.17180544,46.98016882,2022-10-28
242,-65.30301294,46.9844864,2022-10-28
243,-65.17180544,46.98016882,2022-10-28
243,-65.16537172,47.06995465,2022-10-28
243,-65.03397603,47.0654731,2022-10-28
243,-65.04062882,46.97570124,2022-10-28
243,-65.17180544,46.98016882,2022-10-28
244,-65.04062882,46.97570124,2022-10-28
244,-65.03397603,47.0654731,2022-10-28
244,-64.90261245,47.06084119,2022-10-28
244,-64.90948412,46.97108375,2022-10-28
244,-65.04062882,46.97570124,2022-10-28
245,-64.90948412,46.97108375,2023-05-23
245,-64.90261245,47.06084119,2023-05-23
245,-64.77128203,47.05605899,2023-05-23
245,-64.77837238,46.96631645,2023-05-23
245,-64.90948412,46.97108375,2023-05-23
246,-66.08595226,47.09710761,2022-10-28
246,-66.08103326,47.18697629,2022-10-28
246,-65.94922098,47.18353905,2022-10-28
246,-65.95436129,47.0936811,2022-10-28
246,-66.08595226,47.09710761,2022-10-28
247,-65.95436129,47.0936811,2022-10-28
247,-65.94922098,47.18353905,2022-10-28
247,-65.81743357,47.17995039,2022-10-28
247,-65.82279504,47.09010363,2022-10-28
247,-65.95436129,47.0936811,2022-10-28
248,-65.42825524,47.07846625,2022-10-28
248,-65.42223127,47.1682766,2022-10-28
248,-65.29055401,47.16408301,2022-10-28
248,-65.29679848,47.07428573,2022-10-28
248,-65.42825524,47.07846625,2022-10-28
249,-65.29679848,47.07428573,2022-10-28
249,-65.29055401,47.16408301,2022-10-28
249,-65.15890695,47.15973839,2022-10-28
249,-65.16537172,47.06995465,2022-10-28
249,-65.29679848,47.07428573,2022-10-28
250,-65.16537172,47.06995465,2022-10-28
250,-65.15890695,47.15973839,2022-10-28
250,-65.02729113,47.15524283,2022-10-28
250,-65.03397603,47.0654731,2022-10-28
250,-65.16537172,47.06995465,2022-10-28
251,-65.03397603,47.0654731,2022-10-28
251,-65.02729113,47.15524283,2022-10-28
251,-64.89570762,47.15059644,2022-10-28
251,-64.90261245,47.06084119,2022-10-28
251,-65.03397603,47.0654731,2022-10-28
252,-64.90261245,47.06084119,2023-05-23
252,-64.89570762,47.15059644,2023-05-23
252,-64.76415748,47.14579929,2023-05-23
252,-64.77128203,47.05605899,2023-05-23
252,-64.90261245,47.06084119,2023-05-23
253,-65.94922098,47.18353905,2022-10-28
253,-65.94405579,47.27339516,2022-10-28
253,-65.81204616,47.26979526,2022-10-28
253,-65.81743357,47.17995039,2022-10-28
253,-65.94922098,47.18353905,2022-10-28
254,-65.81743357,47.17995039,2022-10-28
254,-65.81204616,47.26979526,2022-10-28
254,-65.68006264,47.26604355,2022-10-28
254,-65.68567211,47.17621038,2022-10-28
254,-65.81743357,47.17995039,2022-10-28
255,-65.55393765,47.17231909,2022-10-28
255,-65.54810628,47.26214008,2022-10-28
255,-65.41617816,47.25808495,2022-10-28
255,-65.42223127,47.1682766,2022-10-28
255,-65.55393765,47.17231909,2022-10-28
256,-65.42223127,47.1682766,2022-10-28
256,-65.41617816,47.25808495,2022-10-28
256,-65.28427935,47.25387824,2022-10-28
256,-65.29055401,47.16408301,2022-10-28
256,-65.42223127,47.1682766,2022-10-28
257,-65.29055401,47.16408301,2022-10-28
257,-65.28427935,47.25387824,2022-10-28
257,-65.15241092,47.24952003,2022-10-28
257,-65.15890695,47.15973839,2022-10-28
257,-65.29055401,47.16408301,2022-10-28
258,-65.15890695,47.15973839,2022-10-28
258,-65.15241092,47.24952003,2022-10-28
258,-65.02057392,47.24501042,2022-10-28
258,-65.02729113,47.15524283,2022-10-28
258,-65.15890695,47.15973839,2022-10-28
259,-65.02729113,47.15524283,2022-10-28
259,-65.02057392,47.24501042,2022-10-28
259,-64.88876943,47.2403495,2022-10-28
259,-64.89570762,47.15059644,2022-10-28
259,-65.02729113,47.15524283,2022-10-28
260,-65.54810628,47.26214008,2022-10-28
260,-65.54224666,47.35195911,2022-10-28
260,-65.41009575,47.34789129,2022-10-28
260,-65.41617816,47.25808495,2022-10-28
260,-65.54810628,47.26214008,2022-10-28
261,-65.41617816,47.25808495,2022-10-28
261,-65.41009575,47.34789129,2022-10-28
261,-65.27797432,47.34367142,2022-10-28
261,-65.28427935,47.25387824,2022-10-28
261,-65.41617816,47.25808495,2022-10-28
262,-65.28427935,47.25387824,2022-10-28
262,-65.27797432,47.34367142,2022-10-28
262,-65.14588345,47.33929958,2022-10-28
262,-65.15241092,47.24952003,2022-10-28
262,-65.28427935,47.25387824,2022-10-28
263,-65.15241092,47.24952003,2022-10-28
263,-65.14588345,47.33929958,2022-10-28
263,-65.01382421,47.33477586,2022-10-28
263,-65.02057392,47.24501042,2022-10-28
263,-65.15241092,47.24952003,2022-10-28
264,-65.02057392,47.24501042,2022-10-28
264,-65.01382421,47.33477586,2022-10-28
264,-64.88179768,47.33010036,2022-10-28
264,-64.88876943,47.2403495,2022-10-28
264,-65.02057392,47.24501042,2022-10-28
265,-65.41009575,47.34789129,2022-10-28
265,-65.40398384,47.43769562,2022-10-28
265,-65.27163872,47.43346254,2022-10-28
265,-65.27797432,47.34367142,2022-10-28
265,-65.41009575,47.34789129,2022-10-28
266,-65.27797432,47.34367142,2022-10-28
266,-65.27163872,47.43346254,2022-10-28
266,-65.13932435,47.42907702,2022-10-28
266,-65.14588345,47.33929958,2022-10-28
266,-65.27797432,47.34367142,2022-10-28
267,-65.14588345,47.33929958,2022-10-28
267,-65.13932435,47.42907702,2022-10-28
267,-65.0070418,47.42453915,2022-10-28
267,-65.01382421,47.33477586,2022-10-28
267,-65.14588345,47.33929958,2022-10-28
268,-65.01382421,47.33477586,2022-10-28
268,-65.0070418,47.42453915,2022-10-28
268,-64.87479215,47.41984903,2022-10-28
268,-64.88179768,47.33010036,2022-10-28
268,-65.01382421,47.33477586,2022-10-28
269,-65.80119289,47.44947935,2022-10-28
269,-65.7957267,47.53931856,2022-10-28
269,-65.66307052,47.53553149,2022-10-28
269,-65.66876201,47.44570411,2022-10-28
269,-65.80119289,47.44947935,2022-10-28
270,-65.66876201,47.44570411,2022-10-28
270,-65.66307052,47.53553149,2022-10-28
270,-65.53044201,47.53159125,2022-10-28
270,-65.53635863,47.44177617,2022-10-28
270,-65.66876201,47.44570411,2022-10-28
271,-65.27163872,47.43346254,2022-10-28
271,-65.26527238,47.5232516,2022-10-28
271,-65.13273342,47.51885235,2022-10-28
271,-65.13932435,47.42907702,2022-10-28
271,-65.27163872,47.43346254,2022-10-28
272,-65.13932435,47.42907702,2022-10-28
272,-65.13273342,47.51885235,2022-10-28
272,-65.00022649,47.51430029,2022-10-28
272,-65.0070418,47.42453915,2022-10-28
272,-65.13932435,47.42907702,2022-10-28
273,-65.0070418,47.42453915,2022-10-28
273,-65.00022649,47.51430029,2022-10-28
273,-64.86775265,47.50959549,2022-10-28
273,-64.87479215,47.41984903,2022-10-28
273,-65.0070418,47.42453915,2022-10-28
274,-66.0611177,47.54643286,2022-10-28
274,-66.05607819,47.63629246,2022-10-28
274,-65.92314323,47.63280107,2022-10-28
274,-65.92840945,47.54295237,2022-10-28
274,-66.0611177,47.54643286,2022-10-28
275,-65.92840945,47.54295237,2022-10-28
275,-65.92314323,47.63280107,2022-10-28
275,-65.79023392,47.62915587,2022-10-28
275,-65.7957267,47.53931856,2022-10-28
275,-65.92840945,47.54295237,2022-10-28
276,-65.7957267,47.53931856,2022-10-28
276,-65.79023392,47.62915587,2022-10-28
276,-65.65735136,47.62535694,2022-10-28
276,-65.66307052,47.53553149,2022-10-28
276,-65.7957267,47.53931856,2022-10-28
277,-65.66307052,47.53553149,2022-10-28
277,-65.65735136,47.62535694,2022-10-28
277,-65.52449664,47.62140436,2022-10-28
277,-65.53044201,47.53159125,2022-10-28
277,-65.66307052,47.53553149,2022-10-28
278,-65.00022649,47.51430029,2022-10-28
278,-64.99337807,47.60405926,2022-10-28
278,-64.86067897,47.59933974,2022-10-28
278,-64.86775265,47.50959549,2022-10-28
278,-65.00022649,47.51430029,2022-10-28
279,-64.86775265,47.50959549,2022-10-28
279,-64.86067897,47.59933974,2022-10-28
279,-64.72801426,47.59446712,2022-10-28
279,-64.735313,47.50473806,2022-10-28
279,-64.86775265,47.50959549,2022-10-28
280,-65.92314323,47.63280107,2022-10-28
280,-65.91785137,47.72264791,2022-10-28
280,-65.7847144,47.71899128,2022-10-28
280,-65.79023392,47.62915587,2022-10-28
280,-65.92314323,47.63280107,2022-10-28
281,-65.79023392,47.62915587,2022-10-28
281,-65.7847144,47.71899128,2022-10-28
281,-65.65160435,47.71518045,2022-10-28
281,-65.65735136,47.62535694,2022-10-28
281,-65.79023392,47.62915587,2022-10-28
282,-65.65735136,47.62535694,2022-10-28
282,-65.65160435,47.71518045,2022-10-28
282,-65.51852232,47.71121549,2022-10-28
282,-65.52449664,47.62140436,2022-10-28
282,-65.65735136,47.62535694,2022-10-28
283,-65.52449664,47.62140436,2022-10-28
283,-65.51852232,47.71121549,2022-10-28
283,-65.3854694,47.70709649,2022-10-28
283,-65.39167085,47.61729822,2022-10-28
283,-65.52449664,47.62140436,2022-10-28
284,-65.12611048,47.60862558,2022-10-28
284,-65.11945531,47.69839669,2022-10-28
284,-64.98649635,47.69381608,2022-10-28
284,-64.99337807,47.60405926,2022-10-28
284,-65.12611048,47.60862558,2022-10-28
285,-64.99337807,47.60405926,2022-10-28
285,-64.98649635,47.69381608,2022-10-28
285,-64.85357089,47.68908178,2022-10-28
285,-64.86067897,47.59933974,2022-10-28
285,-64.99337807,47.60405926,2022-10-28
286,-64.86067897,47.59933974,2022-10-28
286,-64.85357089,47.68908178,2022-10-28
286,-64.72068003,47.68419391,2022-10-28
286,-64.72801426,47.59446712,2022-10-28
286,-64.86067897,47.59933974,2022-10-28
287,-66.98378294,47.74634083,2022-10-28
287,-66.98030048,47.83626012,2022-10-28
287,-66.84675829,47.83383206,2022-10-28
287,-66.85047059,47.74392037,2022-10-28
287,-66.98378294,47.74634083,2022-10-28
288,-66.31741265,47.73269177,2022-10-28
288,-66.31278218,47.82256824,2022-10-28
288,-66.17934191,47.81936468,2022-10-28
288,-66.1842016,47.72949822,2022-10-28
288,-66.31741265,47.73269177,2022-10-28
289,-66.1842016,47.72949822,2022-10-28
289,-66.17934191,47.81936468,2022-10-28
289,-66.04592537,47.8160062,2022-10-28
289,-66.05101413,47.72615024,2022-10-28
289,-66.1842016,47.72949822,2022-10-28
290,-65.91785137,47.72264791,2022-10-28
290,-65.91253369,47.81249288,2022-10-28
290,-65.77916797,47.8088248,2022-10-28
290,-65.7847144,47.71899128,2022-10-28
290,-65.91785137,47.72264791,2022-10-28
291,-65.7847144,47.71899128,2022-10-28
291,-65.77916797,47.8088248,2022-10-28
291,-65.64582933,47.80500202,2022-10-28
291,-65.65160435,47.71518045,2022-10-28
291,-65.7847144,47.71899128,2022-10-28
292,-65.51852232,47.71121549,2022-10-28
292,-65.51251888,47.80102464,2022-10-28
292,-65.37923773,47.79689273,2022-10-28
292,-65.3854694,47.70709649,2022-10-28
292,-65.51852232,47.71121549,2022-10-28
293,-65.3854694,47.70709649,2022-10-28
293,-65.37923773,47.79689273,2022-10-28
293,-65.24598698,47.79260638,2022-10-28
293,-65.2524467,47.70282352,2022-10-28
293,-65.3854694,47.70709649,2022-10-28
294,-65.2524467,47.70282352,2022-10-28
294,-65.24598698,47.79260638,2022-10-28
294,-65.11276774,47.78816568,2022-10-28
294,-65.11945531,47.69839669,2022-10-28
294,-65.2524467,47.70282352,2022-10-28
295,-65.11945531,47.69839669,2022-10-28
295,-65.11276774,47.78816568,2022-10-28
295,-64.97958111,47.78357072,2022-10-28
295,-64.98649635,47.69381608,2022-10-28
295,-65.11945531,47.69839669,2022-10-28
296,-64.98649635,47.69381608,2022-10-28
296,-64.97958111,47.78357072,2022-10-28
296,-64.8464282,47.77882161,2022-10-28
296,-64.85357089,47.68908178,2022-10-28
296,-64.98649635,47.69381608,2022-10-28
297,-64.85357089,47.68908178,2022-10-28
297,-64.8464282,47.77882161,2022-10-28
297,-64.71331011,47.77391843,2022-10-28
297,-64.72068003,47.68419391,2022-10-28
297,-64.85357089,47.68908178,2022-10-28
298,-64.72068003,47.68419391,2022-10-28
298,-64.71331011,47.77391843,2022-10-28
298,-64.58022794,47.7688613,2022-10-28
298,-64.58782488,47.67915256,2022-10-28
298,-64.72068003,47.68419391,2022-10-28
299,-64.58782488,47.67915256,2022-10-28
299,-64.58022794,47.7688613,2022-10-28
299,-64.44718278,47.76365032,2022-10-28
299,-64.45500651,47.67395783,2022-10-28
299,-64.58782488,47.67915256,2022-10-28
300,-67.1138597,47.8385329,2022-10-28
300,-67.11059128,47.92845771,2022-10-28
300,-66.976801,47.92617779,2022-10-28
300,-66.98030048,47.83626012,2022-10-28
300,-67.1138597,47.8385329,2022-10-28
301,-66.98030048,47.83626012,2022-10-28
301,-66.976801,47.92617779,2022-10-28
301,-66.84302784,47.92374212,2022-10-28
301,-66.84675829,47.83383206,2022-10-28
301,-66.98030048,47.83626012,2022-10-28
302,-66.17934191,47.81936468,2022-10-28
302,-66.17445848,47.90922934,2022-10-28
302,-66.04081176,47.90586033,2022-10-28
302,-66.04592537,47.8160062,2022-10-28
302,-66.17934191,47.81936468,2022-10-28
303,-66.04592537,47.8160062,2022-10-28
303,-66.04081176,47.90586033,2022-10-28
303,-65.90719005,47.902336,2022-10-28
303,-65.91253369,47.81249288,2022-10-28
303,-66.04592537,47.8160062,2022-10-28
304,-65.91253369,47.81249288,2022-10-28
304,-65.90719005,47.902336,2022-10-28
304,-65.77359447,47.89865641,2022-10-28
304,-65.77916797,47.8088248,2022-10-28
304,-65.91253369,47.81249288,2022-10-28
305,-65.77916797,47.8088248,2022-10-28
305,-65.77359447,47.89865641,2022-10-28
305,-65.64002613,47.89482165,2022-10-28
305,-65.64582933,47.80500202,2022-10-28
305,-65.77916797,47.8088248,2022-10-28
306,-65.37923773,47.79689273,2022-10-28
306,-65.37297565,47.88668694,2022-10-28
306,-65.23949575,47.88238716,2022-10-28
306,-65.24598698,47.79260638,2022-10-28
306,-65.37923773,47.79689273,2022-10-28
307,-65.24598698,47.79260638,2022-10-28
307,-65.23949575,47.88238716,2022-10-28
307,-65.10604755,47.87793254,2022-10-28
307,-65.11276774,47.78816568,2022-10-28
307,-65.24598698,47.79260638,2022-10-28
308,-65.11276774,47.78816568,2022-10-28
308,-65.10604755,47.87793254,2022-10-28
308,-64.97263216,47.87332319,2022-10-28
308,-64.97958111,47.78357072,2022-10-28
308,-65.11276774,47.78816568,2022-10-28
309,-64.97958111,47.78357072,2022-10-28
309,-64.97263216,47.87332319,2022-10-28
309,-64.8392507,47.8685592,2022-10-28
309,-64.8464282,47.77882161,2022-10-28
309,-64.97958111,47.78357072,2022-10-28
310,-64.8464282,47.77882161,2022-10-28
310,-64.8392507,47.8685592,2022-10-28
310,-64.70590428,47.86364068,2022-10-28
310,-64.71331011,47.77391843,2022-10-28
310,-64.8464282,47.77882161,2022-10-28
311,-64.71331011,47.77391843,2022-10-28
311,-64.70590428,47.86364068,2022-10-28
311,-64.57259399,47.85856771,2022-10-28
311,-64.58022794,47.7688613,2022-10-28
311,-64.71331011,47.77391843,2022-10-28
312,-64.58022794,47.7688613,2022-10-28
312,-64.57259399,47.85856771,2022-10-28
312,-64.43932094,47.85334042,2022-10-28
312,-64.44718278,47.76365032,2022-10-28
312,-64.58022794,47.7688613,2022-10-28
313,-66.976801,47.92617779,2022-10-28
313,-66.97328438,48.01609386,2022-10-28
313,-66.83927914,48.01365054,2022-10-28
313,-66.84302784,47.92374212,2022-10-28
313,-66.976801,47.92617779,2022-10-28
314,-66.84302784,47.92374212,2022-10-28
314,-66.83927914,48.01365054,2022-10-28
314,-66.70529226,48.01105103,2022-10-28
314,-66.70927295,47.92115074,2022-10-28
314,-66.84302784,47.92374212,2022-10-28
315,-66.70927295,47.92115074,2022-10-28
315,-66.70529226,48.01105103,2022-10-28
315,-66.5713249,48.00829538,2022-10-28
315,-66.57553744,47.91840372,2022-10-28
315,-66.70927295,47.92115074,2022-10-28
316,-66.44182244,47.9155011,2022-10-28
316,-66.43737817,48.00538365,2022-10-28
316,-66.30345322,48.00231591,2022-10-28
316,-66.30812908,47.91244295,2022-10-28
316,-66.44182244,47.9155011,2022-10-28
317,-66.30812908,47.91244295,2022-10-28
317,-66.30345322,48.00231591,2022-10-28
317,-66.16955116,47.99909222,2022-10-28
317,-66.17445848,47.90922934,2022-10-28
317,-66.30812908,47.91244295,2022-10-28
318,-66.17445848,47.90922934,2022-10-28
318,-66.16955116,47.99909222,2022-10-28
318,-66.03567314,47.99571264,2022-10-28
318,-66.04081176,47.90586033,2022-10-28
318,-66.17445848,47.90922934,2022-10-28
319,-66.04081176,47.90586033,2022-10-28
319,-66.03567314,47.99571264,2022-10-28
319,-65.90182029,47.99217725,2022-10-28
319,-65.90719005,47.902336,2022-10-28
319,-66.04081176,47.90586033,2022-10-28
320,-65.90719005,47.902336,2022-10-28
320,-65.90182029,47.99217725,2022-10-28
320,-65.76799371,47.98848612,2022-10-28
320,-65.77359447,47.89865641,2022-10-28
320,-65.90719005,47.902336,2022-10-28
321,-64.70590428,47.86364068,2022-10-28
321,-64.6984623,47.95336064,2022-10-28
321,-64.56492279,47.94827179,2022-10-28
321,-64.57259399,47.85856771,2022-10-28
321,-64.70590428,47.86364068,2022-10-28
322,-64.57259399,47.85856771,2022-10-28
322,-64.56492279,47.94827179,2022-10-28
322,-64.43142076,47.94302813,2022-10-28
322,-64.43932094,47.85334042,2022-10-28
322,-64.57259399,47.85856771,2022-10-28
323,-66.70529226,48.01105103,2022-10-28
323,-66.70129207,48.10094965,2022-10-28
323,-66.56709172,48.09818535,2022-10-28
323,-66.5713249,48.00829538,2022-10-28
323,-66.70529226,48.01105103,2022-10-28
324,-66.5713249,48.00829538,2022-10-28
324,-66.56709172,48.09818535,2022-10-28
324,-66.43291213,48.09526448,2022-10-28
324,-66.43737817,48.00538365,2022-10-28
324,-66.5713249,48.00829538,2022-10-28
325,-66.43737817,48.00538365,2022-10-28
325,-66.43291213,48.09526448,2022-10-28
325,-66.29875445,48.09218711,2022-10-28
325,-66.30345322,48.00231591,2022-10-28
325,-66.43737817,48.00538365,2022-10-28
326,-66.30345322,48.00231591,2022-10-28
326,-66.29875445,48.09218711,2022-10-28
326,-66.16461982,48.0889533,2022-10-28
326,-66.16955116,47.99909222,2022-10-28
326,-66.30345322,48.00231591,2022-10-28
327,-66.16955116,47.99909222,2022-10-28
327,-66.16461982,48.0889533,2022-10-28
327,-66.03050937,48.08556311,2022-10-28
327,-66.03567314,47.99571264,2022-10-28
327,-66.16955116,47.99909222,2022-10-28
328,-64.6984623,47.95336064,2022-10-28
328,-64.69098396,48.04307832,2022-10-28
328,-64.55721413,48.03797353,2022-10-28
328,-64.56492279,47.94827179,2022-10-28
328,-64.6984623,47.95336064,2022-10-28
329,-64.56492279,47.94827179,2022-10-28
329,-64.55721413,48.03797353,2022-10-28
329,-64.423482,48.03271345,2022-10-28
329,-64.43142076,47.94302813,2022-10-28
329,-64.56492279,47.94827179,2022-10-28
